{
  "train_loss": [
    0.4217209599122188,
    0.20025197898275887,
    0.15728612354106566,
    0.14021814736903582,
    0.12915935607437284,
    0.12623291396053815,
    0.11169846401609898,
    0.1059681260784054,
    0.10018508430578109,
    0.10007928609228432,
    0.09565138411001456,
    0.09383508530513164,
    0.0948552885818878,
    0.09069268535551558,
    0.0874662355920629,
    0.08759334133531349,
    0.08847651392097533,
    0.08380028603912143,
    0.08260625974118338,
    0.08092867178753359,
    0.0860957973743179,
    0.08505252173282749,
    0.07930586487054825,
    0.0738518190668923,
    0.07294620270695606,
    0.07005814235200505,
    0.06853670856901861,
    0.06805284800716596,
    0.06630665248960814,
    0.06481973024515006,
    0.06538800948653796,
    0.06445301348912741,
    0.06781777219842972,
    0.063202016256951,
    0.06059404959797611,
    0.0596796261018874,
    0.058038949610165896,
    0.05642545762280169,
    0.05700683647964204,
    0.056433531713213095,
    0.05399488950469638,
    0.05261337140617648,
    0.05262242990261304,
    0.05128009137145695,
    0.05061354368088647,
    0.049549223223929593,
    0.0488489590228967,
    0.04868228467889982,
    0.04773725550660472,
    0.047521473619149775
  ],
  "test_loss": [
    0.2637843191623688,
    0.19761759535340237,
    0.15788919312402236,
    0.13879882562751614,
    0.14090669352160998,
    0.14980131670955785,
    0.13710970055958457,
    0.11721805661670433,
    0.11339061226972863,
    0.11313693570204017,
    0.11033052052101813,
    0.11306382764962093,
    0.11174693161791022,
    0.10794158704763601,
    0.10547896831735107,
    0.11189521738320343,
    0.10298955144961018,
    0.1056953524508752,
    0.11156860775937719,
    0.10410651256722853,
    0.11914099309562652,
    0.10378138597839134,
    0.1038876407402606,
    0.09911163391406871,
    0.09773130240765485,
    0.10063891371419607,
    0.09792861360902629,
    0.09740190737503619,
    0.09899232000851434,
    0.09948215929190975,
    0.09904630186636586,
    0.10240847771325387,
    0.09924367341128262,
    0.09994888582751771,
    0.09951520532615914,
    0.09996724879938709,
    0.09959837107742128,
    0.10103257994883316,
    0.10232251075919994,
    0.10476820497227109,
    0.10141489503920571,
    0.1024000763215802,
    0.10244503752751784,
    0.10409570626976077,
    0.10434854437004436,
    0.10452767523113361,
    0.10692869717917167,
    0.10556440812743399,
    0.10573823663814008,
    0.1060025675976572
  ],
  "test_dice": [
    0.7758267221371989,
    0.8060872377442919,
    0.8392865204614056,
    0.8603457222300127,
    0.8544989183914563,
    0.8491266266373564,
    0.8596590609589884,
    0.8816761379399576,
    0.8833550145803404,
    0.8841503474337995,
    0.886012668451987,
    0.8823448527943004,
    0.8838862978722438,
    0.8864736005294421,
    0.88964287308622,
    0.8825076394829868,
    0.891778796172339,
    0.8897479821827786,
    0.8787410751847197,
    0.8912671853688138,
    0.8759413868927759,
    0.8906293427648623,
    0.8906052486955627,
    0.8965617723701415,
    0.8976387544111772,
    0.8946237406454796,
    0.8988382796610682,
    0.8996616316235755,
    0.8969188958160148,
    0.898387901053941,
    0.8984422920163998,
    0.8944393820013882,
    0.8979570215398615,
    0.8985957862917057,
    0.8972147713022783,
    0.8993994815290467,
    0.8989399681406572,
    0.8985591998770217,
    0.8975569827497498,
    0.8961309795537271,
    0.8993999780702197,
    0.897897830679397,
    0.8981296602359488,
    0.8983505028338472,
    0.8979680636697565,
    0.8970839681704182,
    0.8970453877094363,
    0.8979620027148034,
    0.8979120018068424,
    0.8979327383120198
  ],
  "test_iou": [
    0.6424228416001501,
    0.6841390940768659,
    0.7346582964432141,
    0.7661835339443743,
    0.7559754001207588,
    0.7435850348354371,
    0.7609226014003281,
    0.797253931849456,
    0.8000521817483193,
    0.8009293847832798,
    0.8041518266535987,
    0.7990433046640444,
    0.8000957276210312,
    0.80529059654425,
    0.8096429809065889,
    0.7976121035489169,
    0.8129450151742983,
    0.8084168828223363,
    0.7932620324379156,
    0.811465775671084,
    0.7848692216163824,
    0.8108731734851176,
    0.8106405715311854,
    0.8205833040978298,
    0.82245985929631,
    0.8172707439454134,
    0.8239689188555253,
    0.8251570551848608,
    0.8212421551223629,
    0.822967718455417,
    0.8231529874249923,
    0.8169030670292121,
    0.8221250447359952,
    0.8231579528367223,
    0.8215508658038683,
    0.8249070624674647,
    0.8244784095070579,
    0.8235942115468428,
    0.8220383588932763,
    0.8202620813669252,
    0.8250299879342071,
    0.8230259635231711,
    0.8232956996633987,
    0.8237138937327487,
    0.823138213354694,
    0.8218331218751009,
    0.8218445304996711,
    0.8232320281099682,
    0.8231166216952741,
    0.8231749613422993
  ]
}